language,model,train_source,train_size,test_size,f1_macro,f1_micro,precision_macro,recall_macro,hamming_loss,jaccard_macro,elapsed_seconds,status
zul,mbert,validation,875,2047,0.08163265306122448,0.32,0.06524822695035461,0.10900473933649289,0.09550561797752809,0.05405405405405406,253.492614030838,success
xho,mbert,validation,682,1594,0.24402810311007753,0.5355191256830601,0.21323030829280412,0.2906097045735176,0.16886240066917607,0.1677204079707237,201.50308799743652,success
swa,mbert,train,3307,3312,0.14446832276904428,0.28680688336520077,0.25438814373240604,0.153057227572677,0.1126207729468599,0.09055524810441663,915.4239401817322,success
