language,label,f1,precision,recall,support,issue
swa,fear,0.06666666666666667,0.06976744186046512,0.06382978723404255,94,extremely_low_f1
xho,disgust,0.01694915254237288,0.00909090909090909,0.125,8,extremely_low_f1
xho,fear,0.044444444444444446,0.03389830508474576,0.06451612903225806,31,extremely_low_f1
xho,anger,0.06936416184971098,0.056074766355140186,0.09090909090909091,66,extremely_low_f1
zul,disgust,0.07526881720430108,0.05511811023622047,0.11864406779661017,59,extremely_low_f1
